ssyk_code,keywords
1111,"riksdagsledamot, kommunalråd, minister, förtroendevald, politician, mp"
1112,"generaldirektör, kommunchef, stadsdirektör, regiondirektör, myndighetschef, director general"
1113,"generalsekreterare, förbundsordförande, kanslichef, fackförbund, secretary general"
1120,"vd, ceo, koncernchef, företagsledare, managing director"
1211,"cfo, ekonomichef, finanschef, redovisningschef, finance director, head of finance"
1212,"cfo, ekonomichef, finanschef, redovisningschef, finance director"
1221,"hr-chef, personalchef, chro, hr director, head of hr"
1222,"hr-chef, personalchef, chro, hr director, head of hr"
1230,"förvaltningschef, planeringschef, administrativ chef, kanslichef, head of administration"
1241,"kommunikationschef, informationschef, pr-chef, presschef, communications director"
1242,"kommunikationschef, informationschef, pr-chef, presschef, communications director"
1251,"säljchef, försäljningschef, marknadschef, cmo, sales director, marketing director"
1252,"säljchef, försäljningschef, marknadschef, cmo, sales director, marketing director"
1291,"kontorschef, administrativ chef, servicechef, office manager"
1292,"kontorschef, administrativ chef, servicechef, office manager"
1311,"cio, cto, it-chef, digitaliseringschef, head of it"
1312,"cio, cto, it-chef, digitaliseringschef, head of it"
1321,"inköpschef, logistikchef, transportchef, lagerchef, procurement, supply chain"
1322,"inköpschef, logistikchef, transportchef, lagerchef, procurement, supply chain"
1331,"forskningschef, utvecklingschef, fou-chef, r&d, head of research"
1332,"forskningschef, utvecklingschef, fou-chef, r&d, head of research"
1341,"teknisk chef, teknikchef, konsultchef, projekteringschef"
1342,"teknisk chef, teknikchef, konsultchef, projekteringschef"
1351,"fastighetschef, fastighetsförvaltare, förvaltare, property manager, facility manager"
1352,"fastighetschef, fastighetsförvaltare, förvaltare, property manager, facility manager"
1361,"platschef, byggchef, arbetschef, entreprenadchef, site manager"
1362,"platschef, byggchef, arbetschef, entreprenadchef, site manager"
1371,"fabrikschef, driftchef, produktionsledare, plant manager, factory manager"
1372,"fabrikschef, driftchef, produktionsledare, plant manager, factory manager"
1380,"godsförvaltare, skogsförvaltare, lantbrukschef, farm manager, estate manager"
1411,"biträdande rektor, skolledare, skolchef, utbildningschef"
1412,"skolledare, skolchef, principal, head teacher"
1421,"dagischef, förskolerektor, biträdande förskolechef, daycare, kindergarten"
1422,"förskolerektor, dagischef, daycare, kindergarten"
1491,"utbildningsledare, skolledare, utbildningschef, rektor"
1492,"utbildningschef, skolchef, skolledare, utbildningsledare"
1511,"sjukhuschef, vårdchef, chefläkare, medical director, hospital director"
1512,"vårdenhetschef, vårdchef, chefssjuksköterska, nurse manager, ward manager"
1521,"socialchef, ifo-chef, verksamhetschef, områdeschef"
1522,"föreståndare, socialtjänst, verksamhetschef, gruppchef"
1531,"äldreomsorgschef, omsorgschef, hemtjänstchef, verksamhetschef"
1532,"hemtjänstchef, äldreboendechef, omsorgschef, föreståndare, boendechef"
1540,"kyrkoherde, pastor, biskop, imam, kyrka"
1591,"myndighetschef, avdelningschef, förvaltningschef, offentlig sektor"
1592,"myndighetschef, enhetschef, förvaltningschef, offentlig sektor"
1611,"bankchef, bankdirektör, försäkringschef, kontorschef"
1612,"bankchef, bankdirektör, försäkringschef, kontorschef"
1711,"hotellchef, hotelldirektör, general manager, hospitality"
1712,"hotellchef, hotelldirektör, general manager, hospitality"
1721,"restaurangchef, kökschef, köksmästare, krögare, head chef"
1722,"restaurangchef, kökschef, köksmästare, krögare, head chef"
1731,"butikschef, handlare, butiksägare, varuhuschef, store manager"
1732,"butikschef, handlare, butiksägare, varuhuschef, store manager"
1741,"gymchef, idrottschef, fritidschef, sportchef, klubbdirektör"
1742,"gymchef, idrottschef, fritidschef, sportchef, klubbdirektör"
1791,"servicechef, driftchef, verksamhetschef, platschef"
1792,"servicechef, driftchef, verksamhetschef, platschef"
2111,"astronom, astrofysiker, fysik, physicist, forskare"
2112,"meteorolog, klimatolog, väder, smhi, weather"
2113,"kemist, kemi, laboratorium, chemistry"
2114,"geolog, geovetare, hydrolog, geokemist, geoscience"
2121,"aktuarie, försäkringsmatematiker, matematik, actuary"
2122,"statistik, dataanalytiker, biostatistiker, analytiker, data analyst"
2131,"biolog, mikrobiolog, biokemist, genetiker, molekylärbiolog"
2132,"biolog, zoolog, botaniker, ekolog, marinbiolog, ecologist"
2133,"farmakolog, toxikolog, läkemedel, biomedicin, toxicologist"
2134,"agronom, lantmästare, jordbruk, växtodling, agronomist"
2135,"jägmästare, skogsmästare, skogskonsulent, skog, forester"
2141,"produktionsingenjör, logistiker, kvalitetsingenjör, produktionsteknik, industrial engineer"
2142,"byggingenjör, konstruktör, samhällsbyggnad, civil engineer, structural engineer"
2143,"elektroingenjör, elingenjör, elkraftsingenjör, elektronikingenjör, telekom, electrical engineer"
2144,"maskiningenjör, konstruktör, fordonsteknik, mechanical engineer"
2145,"kemiingenjör, processingenjör, bioteknik, chemical engineer"
2146,"gruvingenjör, bergsingenjör, metallurg, mining engineer, metallurgist"
2149,"civilingenjör, ingenjör, patentingenjör, engineer"
2161,"inredningsarkitekt, byggnadsarkitekt, arkitektur, architecture"
2162,"trädgårdsarkitekt, trädgårdsdesign, utemiljö, landscaping"
2163,"stadsplanerare, samhällsplanerare, trafikplanerare, stadsbyggnad, urban planner"
2164,"kartograf, mätningsingenjör, gis, geodesi, kartor"
2171,"produktdesigner, formgivare, produktutveckling, formgivning"
2172,"grafiker, illustratör, art director, layout"
2173,"speldesigner, spelutvecklare, ux, interaktionsdesigner, webbdesigner"
2179,"modedesigner, kläddesigner, textildesigner, modeskapare"
2181,"skyddsingenjör, arbetsmiljöingenjör, arbetsmiljö, ehs, safety engineer"
2182,"miljöinspektör, hälsoskyddsinspektör, livsmedelsinspektör, tillsyn"
2183,"miljökonsult, miljösamordnare, miljöstrateg, hållbarhet, sustainability"
2211,"läkare, doktor, överläkare, kirurg, doctor"
2212,"läkare, doktor, underläkare, specialisttjänstgöring, doctor"
2213,"läkare, doktor, allmäntjänstgöring, doctor"
2219,"doktor, allmänläkare, husläkare, gp, doctor"
2221,"sjuksköterska, sköterska, allmänsjuksköterska, registered nurse"
2222,"barnmorska, förlossning, mödravård, bb, midwifery"
2223,"narkossköterska, narkossjuksköterska, anestesisjuksköterska, narkos, sjuksköterska"
2224,"distriktssköterska, dsk, vårdcentral, hemsjukvård, sjuksköterska"
2225,"psykiatrisjuksköterska, psykiatrisköterska, psykiatri, sjuksköterska, mental health"
2226,"ambulanssjuksköterska, ambulans, akutsjukvård, sjuksköterska, paramedic"
2227,"geriatriksjuksköterska, geriatrik, äldrevård, äldreomsorg, sjuksköterska"
2228,"iva, iva-sjuksköterska, intensivvårdssjuksköterska, sjuksköterska, icu"
2231,"operationssjuksköterska, op-sjuksköterska, operationssköterska, kirurgi, sjuksköterska"
2232,"barnsjuksköterska, bvc, barnavårdscentral, pediatrik, sjuksköterska"
2233,"skolsköterska, skolsjuksköterska, elevhälsa, sjuksköterska"
2234,"företagssköterska, företagssjuksköterska, företagshälsovård, sjuksköterska, occupational health"
2235,"röntgensjuksköterska, röntgensköterska, röntgen, radiologi, radiographer"
2239,"sjuksköterska, specialistsjuksköterska, diabetessjuksköterska, onkologisjuksköterska"
2241,"psykolog, psykologi, klinisk psykolog, skolpsykolog"
2242,"psykoterapeut, terapeut, kbt, samtalsterapi, therapist"
2250,"veterinär, djurläkare, vet, djursjukhus"
2260,"tandvård, folktandvården, odontologi, dentistry"
2271,"kiropraktor, naprapat, osteopat, manuell terapi"
2272,"fysioterapeut, sjukgymnast, fysio, rehab, physical therapist"
2273,"arbetsterapeut, rehab, hjälpmedel, rehabilitering, ot"
2281,"farmaceut, apotek, farmaci, läkemedel, pharmacy"
2282,"dietist, nutritionist, kostrådgivare, kost, nutrition"
2283,"audionom, logoped, talpedagog, hörselvård, speech pathologist"
2284,"optometrist, glasögon, syn, optometri"
2289,"sjukhusfysiker, specialist, vård, hälsa"
2311,"professor, universitetslärare, forskare, akademiker"
2312,"lektor, universitetslektor, docent, forskare, senior lecturer"
2313,"postdoc, postdoktor, biträdande lektor, forskningsassistent, forskare"
2314,"doktorand, forskarstuderande, licentiand, forskarutbildning, doctoral student"
2319,"adjunkt, universitetsadjunkt, högskoleadjunkt, timlärare"
2320,"yrkeslärare, komvux, yrkesutbildning, yh-lärare"
2330,"lärare, ämneslärare, gymnasieskola, high school teacher"
2341,"lärare, grundskolelärare, lågstadielärare, mellanstadielärare, högstadielärare, klasslärare"
2342,"fritids, fritidshem, fritidslärare, pedagog"
2343,"förskolelärare, förskola, dagis, pedagog, kindergarten"
2351,"specialpedagog, särskola, elevhälsa, resurslärare"
2352,"syv, syo, studievägledare, karriärvägledare, vägledare, career counselor"
2359,"pedagog, lärare, utbildningskonsult"
2411,"revisor, redovisningskonsult, redovisningsekonom, bokföring, auditor"
2412,"ekonom, business controller, verksamhetscontroller, ekonomistyrning"
2413,"finansrådgivare, bankrådgivare, placeringsrådgivare, analytiker, financial advisor"
2414,"aktiemäklare, fondmäklare, börsmäklare, kapitalförvaltare, portfolio manager"
2415,"ekonom, nationalekonom, chefsekonom, makroekonom, analytiker"
2419,"ekonom, företagsekonom, ekonomikonsult"
2421,"managementkonsult, verksamhetsutvecklare, organisationskonsult, konsult, management consultant"
2422,"handläggare, strateg, samordnare, policy analyst"
2423,"rekryterare, personalvetare, hr business partner, hr-konsult, recruiter"
2431,"reklam, marknadsföring, annonsering, seo"
2432,"kommunikatör, informatör, pressekreterare, pr-konsult, communications"
2511,"systemarkitekt, lösningsarkitekt, it-arkitekt, enterprise architect, solution architect, kravanalytiker"
2512,"programmerare, utvecklare, it, programmer, coder, backend, frontend, fullstack"
2513,"spelutvecklare, spelprogrammerare, speldesigner, gamedev, game developer, game designer"
2514,"testare, mjukvarutestare, qa, testautomation, software tester, quality assurance"
2515,"förvaltare, it-förvaltare, förvaltningsledare, systemansvarig, application manager, it"
2516,"cybersäkerhet, it-säkerhet, penetrationstestare, säkerhetsanalytiker, cybersecurity, infosec"
2519,"it-konsult, it-expert, it, dataspecialist, it consultant, tech specialist"
2611,"advokat, jurist, försvarsadvokat, brottmål, attorney, lawyer"
2612,"rådman, tingsrätt, hovrätt, domstol, lagman, judge, court"
2613,"kammaråklagare, åklagarmyndigheten, jurist, åtal, prosecutor, district attorney"
2614,"bolagsjurist, affärsjurist, jurist, corporate lawyer, legal counsel"
2615,"kommunjurist, stadsjurist, myndighetsjurist, jurist, förvaltningsrätt, legal adviser"
2619,"jurist, juridik, notarie, legal, lawyer"
2621,"intendent, museum, konservator, kulturarv, curator"
2622,"bibliotekarie, arkivarie, bibliotek, arkiv, librarian, archivist, library"
2623,"arkeolog, historiker, utgrävning, humanist, historian"
2641,"skribent, poet, dramatiker, romanförfattare, writer, novelist"
2642,"reporter, redaktör, korrespondent, nyheter, journalist, press"
2643,"tolk, översättning, språkvetare, teckenspråkstolk, translator, interpreter, linguist"
2651,"konstnär, tecknare, illustratör, skulptör, painter, illustrator, artist"
2652,"låtskrivare, dirigent, artist, band, songwriter, conductor"
2653,"koreograf, dansör, balett, dans, dancer, ballet"
2654,"regissör, producent, filmregissör, tv-producent, director, filmmaker"
2655,"skådis, teater, film, actor, actress"
2661,"socionom, soc, socialtjänst, socialarbetare, social worker, caseworker"
2662,"kurator, skolkurator, sjukhuskurator, socionom, counsellor, counselor"
2663,"biståndshandläggare, äldreomsorg, socialtjänst, lss, care manager, needs assessor"
2669,"socionom, socialarbetare, fältassistent, familjebehandlare, welfare officer"
2671,"präst, pastor, kyrka, imam, rabbin, priest, clergy"
2672,"diakon, kyrka, församling, svenska kyrkan, deacon"
3111,"produktionstekniker, logistiker, produktionsplanerare, production engineer, industrial engineer"
3112,"byggnadsingenjör, byggingenjör, anläggningsingenjör, byggtekniker, civil engineer, construction engineer"
3113,"elingenjör, elektroingenjör, eltekniker, elkonstruktör, electrical engineer"
3114,"maskiningenjör, maskinkonstruktör, konstruktör, maskintekniker, cad, mechanical engineer"
3115,"kemiingenjör, kemist, processtekniker, kemitekniker, chemical engineer, process engineer"
3116,"gruvingenjör, metallurg, bergsingenjör, gruva, mining engineer, metallurgist"
3117,"kartograf, geodata, mätningsingenjör, karta, cartographer, mapping"
3119,"ingenjör, tekniker, teknik, engineer, technician"
3121,"byggledare, platschef, förman, byggarbetsledare, site manager, foreman"
3122,"produktionsledare, förman, teamledare, skiftledare, production supervisor"
3151,"sjöingenjör, maskinist, maskinchef, sjöfart, fartyg, marine engineer"
3152,"kapten, sjökapten, styrman, befälhavare, lots, captain, skipper"
3153,"pilot, flygkapten, trafikflygare, flygare, airline pilot, aviator"
3154,"flygtrafikledare, flygledning, atc, air traffic control, controller"
3155,"flygmekaniker, flygplanstekniker, avionik, helikoptertekniker, aircraft mechanic, avionics"
3211,"röntgen, medicinteknik, radiologi, strålbehandling, x-ray, imaging"
3212,"bma, labb, laboratorium, provtagning, lab technician, biomedical analyst"
3213,"receptarie, apotek, farmaceut, läkemedel, pharmacist, pharmacy"
3214,"ortopedtekniker, tandteknik, protes, ortoped, prosthetics, orthotics"
3215,"labbingenjör, laboratorietekniker, labb, lab engineer, lab technician"
3230,"akupunktör, homeopat, zonterapeut, naturmedicin, acupuncturist, homeopath"
3240,"djurvårdare, djursjukhus, djurklinik, veterinary nurse, animal care"
3250,"tandhygienist, tandvård, munhygien, folktandvården, oral health"
3311,"börsmäklare, aktiemäklare, fondmäklare, valutamäklare, trader, stockbroker"
3312,"bankrådgivare, banktjänsteman, bankkassör, teller, banking"
3313,"redovisningskonsult, bokförare, bokföring, ekonom, accountant, bookkeeper"
3314,"skadereglering, värderingsman, försäkring, besiktning, claims adjuster, appraiser"
3321,"försäkringsförmedlare, försäkring, rådgivare, säljare, insurance broker, insurance agent"
3322,"säljare, utesäljare, account manager, key account, b2b, sales rep, salesperson"
3323,"inköp, upphandling, inköpsansvarig, buyer, procurement, sourcing"
3324,"orderadministratör, ordermottagare, orderhantering, order administrator, sales support"
3331,"speditör, spedition, logistik, frakt, freight forwarder, shipping agent"
3332,"eventkoordinator, evenemangsplanerare, konferens, mässa, event coordinator"
3333,"arbetsförmedling, jobbcoach, af, matchning, job coach, employment adviser"
3334,"mäklare, bostadsmäklare, bostad, realtor, broker"
3335,"förvaltare, fastighet, bostadsförvaltare, property manager, facility manager"
3339,"agent, förmedling, mellanhand, broker, intermediary"
3341,"teamledare, arbetsledare, samordnare, team leader, office manager"
3342,"paralegal, juristassistent, domstolshandläggare, legal assistant"
3343,"sekreterare, assistent, ledningsassistent, ea, pa, executive assistant, personal assistant"
3351,"tullare, tulltjänsteman, kustbevakare, tullen, gränskontroll, border control"
3352,"skatteverket, handläggare, skatt, deklaration, revenue officer"
3353,"försäkringskassan, handläggare, bidrag, pension, benefits officer, caseworker"
3354,"besiktningsman, arbetsmiljöinspektör, kvalitetskontroll, bilinspektör, quality control"
3355,"brandinspektör, brandskydd, bygglov, räddningstjänst, safety engineer"
3359,"utredare, administratör, koordinator, myndighet, case officer"
3360,"polis, polisman, kriminalinspektör, kriminalare, ordningspolis, cop, detective"
3411,"boendestödjare, behandlingsassistent, socialpedagog, hvb, support worker"
3412,"pastor, predikant, frikyrka, församling, missionär, preacher, evangelist"
3421,"idrottare, elitidrottare, fotbollsspelare, hockeyspelare, athlete, footballer"
3422,"tränare, coach, personlig tränare, pt, fotbollstränare, trainer"
3423,"fritidsgård, ungdomsledare, ungdomsgård, youth worker, youth leader"
3424,"hälsocoach, friskvård, hälsoutvecklare, hälsoinspiratör, health coach"
3431,"fotograf, foto, fotografering, photographer, photography"
3432,"inredning, scenograf, dekoratör, stylist, set designer"
3433,"inspicient, scripta, teater, rekvisitör, script supervisor"
3439,"cirkusartist, underhållare, artist, entertainer, performer"
3441,"körlärare, körskola, trafikskola, körskollärare, driving school"
3449,"instruktör, kursledare, handledare, trainer, course leader"
3451,"kökschef, kök, restaurang, head chef, kitchen manager"
3452,"kostchef, köksföreståndare, storkök, måltidschef, catering manager, food service"
3511,"driftstekniker, it-drift, it-tekniker, datacenter, it operations, noc"
3512,"it-support, helpdesk, servicedesk, first line, it technician"
3513,"sysadmin, it-administratör, systemansvarig, servertekniker, it"
3514,"nätverkstekniker, nätverk, it-tekniker, network engineer, network admin"
3515,"webbansvarig, hemsida, webbplats, sajt, website manager"
3521,"tv-tekniker, medietekniker, videotekniker, av-tekniker, broadcast technician"
3522,"ljudtekniker, ljustekniker, eventtekniker, roadie, sound engineer, light technician"
4111,"ekonomiassistent, fakturering, kundreskontra, leverantörsreskontra, bokföring, accounts assistant, finance assistant"
4112,"löneadministratör, lönespecialist, lön, hr, payroll"
4113,"administratör, kontorist, ekonomiadministratör, admin, administration"
4114,"marknadsassistent, säljassistent, säljsupport, marknadsföring, marketing assistant, sales support"
4115,"inköpsassistent, orderassistent, inköp, order, procurement"
4116,"skoladministratör, skolexpedition, skolsekreterare, utbildningsadministratör, education administrator"
4117,"läkarsekreterare, vårdadministratör, journalföring, vårddokumentation, healthcare admin"
4119,"kontorist, administratör, assistent, admin, secretary"
4211,"croupier, kasino, casino, spelbolag, dealer, betting"
4212,"inkasso, inkassohandläggare, pantbank, kravhandläggare, collections"
4221,"resebyrå, resekonsult, reserådgivare, bokning, travel agency, booking"
4222,"kundservice, kundsupport, callcenter, call center, support agent"
4223,"telefonist, växeltelefonist, telefonväxel, växel, operator"
4224,"receptionist, hotell, reception, front desk, concierge, portier"
4225,"receptionist, reception, kontorsservice, front desk, växel"
4226,"marknadsundersökning, telefonintervjuare, enkät, opinionsundersökare, pollster"
4321,"lagerchef, lagerledare, teamledare, logistik, warehouse manager, foreman"
4322,"lagerarbetare, lagermedarbetare, terminalarbetare, logistik, lagerjobb, warehouse worker"
4323,"trafikledare, transportplanerare, logistik, dispatcher, logistics"
4410,"biblioteksassistent, arkivassistent, bibliotek, arkiv, library assistant"
4420,"postbud, post, postnord, paketutdelare, mailman, mail carrier"
4430,"politiker, riksdagsledamot, kommunalråd, regionråd, politician, mp"
5111,"flygvärdinna, flygvärd, purser, steward, flight attendant, stewardess"
5112,"tågvärd, konduktör, tågpersonal, ombordpersonal, conductor"
5113,"guide, turistguide, färdledare, turism, tour guide, tour leader"
5120,"kock, restaurang, kök, matlagning, chef, cook"
5131,"servitör, servitris, servering, serveringspersonal, restaurang, waitress, server"
5132,"bartender, bar, barpersonal, barman, mixologist"
5141,"frisör, barberare, hårstylist, salong, barber, hair stylist"
5142,"hudvård, kosmetolog, skönhetssalong, ansiktsbehandling, esthetician, beauty therapist"
5143,"massör, massage, spa, friskvård, spa therapist"
5144,"fotvård, fotvårdare, pedikyr, podiatrist, chiropodist, pedicure"
5149,"nagelterapeut, fransstylist, tatuerare, piercare, nail technician, lash stylist"
5151,"husfru, städning, städchef, lokalvård, housekeeping"
5152,"vaktmästare, fastighetsvärd, fastighetstekniker, caretaker, janitor"
5161,"begravningsbyrå, begravningsentreprenör, begravningsrådgivare, funeral director, mortician"
5169,"service, servicemedarbetare, servicearbetare, service staff"
5221,"butikschef, butiksansvarig, butiksföreståndare, handel, store manager, retail manager"
5222,"butiksbiträde, mataffär, livsmedel, matbutik, expedit, supermarket"
5223,"butiksbiträde, expedit, detaljhandel, butik, retail"
5224,"optikbutik, glasögon, optik, optician, eyewear"
5225,"mack, bensinmack, bensinstation, tankstation, gas station"
5226,"uthyrning, biluthyrning, hyrbil, rental agent, car rental"
5227,"apotek, apoteksbiträde, egenvård, läkemedel, pharmacy assistant"
5230,"kassabiträde, kassörska, kassa, butikskassa, checkout"
5241,"demonstratör, mässäljare, provsmakning, promotion, promoter"
5242,"säljare, telefonsäljare, callcenter, telemarketing, telesales, sales"
5311,"dagis, förskola, barnomsorg, childcare, daycare, preschool"
5312,"lärarassistent, resurspedagog, elevassistent, skola, teacher assistant, classroom assistant"
5321,"usk, undersköterska, äldreomsorg, omsorg, caregiver, cna"
5322,"usk, undersköterska, rehab, rehabilitering, caregiver"
5323,"usk, undersköterska, sjukhus, slutenvård, avdelning, hospital"
5324,"usk, undersköterska, vårdcentral, öppenvård, caregiver"
5325,"barnsköterska, usk, bb, neonatal, barnsjukvård, pediatric"
5326,"ambulans, ambulansförare, akutsjukvård, paramedic, emt"
5330,"vårdbiträde, hemtjänst, äldreomsorg, omsorg, caregiver, home help"
5341,"mentalskötare, psykiatri, psykvård, behandlingsassistent, psychiatric aide, mental health"
5342,"lss, gruppboende, boendestöd, stödassistent, omsorg, support worker"
5343,"lss, personlig assistent, assistans, funktionsnedsättning, brukare, caregiver"
5349,"omsorg, vårdare, vårdpersonal, ledsagare, caregiver, aide"
5350,"tandsköterska, tandvård, folktandvård, dental assistant"
5411,"brandman, räddningstjänst, brandkår, deltidsbrandman, fireman, rescue"
5412,"kriminalvård, fängelse, anstalt, häkte, corrections officer"
5413,"vakt, ordningsvakt, bevakning, skyddsvakt, watchman"
5414,"larmcentral, larmoperatör, 112, nödsamtal, dispatcher"
5419,"livvakt, badvakt, bodyguard, lifeguard, security"
6111,"bonde, lantbrukare, jordbrukare, grönsaksodlare, farmer"
6112,"trädgårdsmästare, växthus, handelsträdgård, odlare, horticulture, greenhouse"
6113,"trädgårdsmästare, parkarbetare, kyrkogårdsarbetare, anläggare, landscaper, groundskeeper"
6121,"bonde, lantbrukare, mjölkbonde, djurskötare, farmer"
6122,"hunddagis, kennel, djurvårdare, hundfrisör, dog sitter, groomer"
6129,"hästskötare, stallpersonal, djurpark, zookeeper, stable hand"
6130,"bonde, lantbrukare, jordbrukare, gård, farmer"
6210,"skogshuggare, röjare, skogsvård, huggare, lumberjack, logger"
6221,"fiskodling, vattenbruk, laxodling, aquaculture"
6222,"yrkesfiskare, fiske, trålare, fishing, fisherman"
7111,"byggsnickare, timmerman, bygg, hantverkare, carpenter, joiner"
7112,"plattsättare, kakelsättare, putsare, mason, tiler"
7113,"betong, armerare, gjutning, cement worker"
7114,"vägarbetare, asfaltläggare, markarbetare, järnvägsarbetare, groundworker"
7115,"dykare, yrkesdykare, undervattensarbete, diving, underwater work"
7116,"byggnadsställning, ställningsmontör, scaffolding, scaffolder"
7119,"byggarbetare, bygg, construction worker, builder"
7121,"takläggare, tak, takarbetare, roofing"
7122,"golv, mattläggare, parkettläggare, flooring, carpet layer"
7123,"isolerare, isolering, insulator"
7124,"glasmästare, glas, fönster, glass, window fitter"
7125,"rörmokare, rörläggare, plumber, pipefitter"
7126,"kylmontör, ac, luftkonditionering, hvac, refrigeration"
7131,"måleri, byggmålare, tapetsering, decorator"
7132,"billackerare, lackering, sprutlackerare, coating"
7133,"sotare, sotning, skorsten, sweep"
7134,"sanerare, sanering, asbestsanering, klottersanering, decontamination"
7211,"gjuteri, gjutning, foundry, caster"
7212,"svets, svetsning, welding, tig, mig"
7213,"plåtslagare, takplåt, plåtarbete, plåtis, tinsmith"
7214,"plåtslagare, plåtarbete, plåt, tinsmith"
7215,"stålmontör, stålbyggare, järnarbetare, steelworker"
7221,"smed, smide, hovslagare, smedja, forge, farrier"
7222,"verktyg, låssmed, locksmith, die maker"
7223,"cnc, cnc-operatör, svarvare, fräsare, machinist, turner"
7224,"slipning, polerare, polering, grinder"
7231,"bilmekaniker, mekaniker, bilverkstad, fordonstekniker, car mechanic, auto mechanic"
7232,"flygtekniker, flygplanstekniker, flyg, aviation technician"
7233,"mekaniker, industrimekaniker, reparatör, underhållstekniker, maintenance technician, fitter"
7311,"urmakare, instrumentmakare, finmekanik, watchmaker"
7312,"guldsmed, silversmed, juvelerare, smycken, jeweller, goldsmith"
7319,"keramiker, glasblåsare, hantverkare, pianostämmare, potter, glassblower"
7321,"originalare, grafiker, dtp, grafisk produktion, typesetter"
7322,"tryckeri, digitaltryck, offset, printing, press operator"
7323,"bokbinderi, binderi, efterbehandling, bookbinding"
7411,"elektriker, el, elinstallatör, elmontör, electrician"
7412,"elektriker, elmontör, el, automation, electrician"
7413,"linjemontör, elnät, kraftledning, lineman, powerline"
7420,"teletekniker, telemontör, larmtekniker, fibertekniker, repair technician"
7521,"ytbehandling, impregnering, betsning, varnishing"
7522,"snickare, snickeri, möbler, finsnickeri, furniture maker, woodworker"
7523,"cnc, cnc-operatör, träbearbetning, woodworking"
7531,"sömmerska, sömnad, ändringssömnad, dressmaker, seamstress"
7532,"sömmerska, sömnad, broderi, seamstress"
7533,"möbeltapetserare, stoppning, möbler, upholstery"
7534,"sadelmakare, skoreparation, sko, cobbler, saddler"
7611,"chark, slakteri, styckning, meat cutter"
7612,"bageri, konditori, pastry chef, baking"
7613,"sensorik, kvalitetskontroll, quality control"
7619,"livsmedel, livsmedelsarbetare, food worker, food production"
8111,"gruvarbetare, gruva, bergarbetare, mining"
8112,"anrikning, krossverk, gruvindustri, mill operator"
8113,"borrare, borrning, bergborrare, driller, drilling"
8114,"betongindustri, betongarbete, operatör, concrete"
8115,"sprängare, sprängning, bergarbetare, blasting"
8116,"stenarbetare, stenindustri, mason, masonry"
8121,"galvanisering, anodisering, ytbehandlare, electroplating, galvanizing"
8122,"smältverk, stålverk, valsare, smelter, steel mill"
8129,"stålindustri, metallindustri, smältverk, steelworker"
8131,"läkemedel, läkemedelsindustri, processoperatör, pharma"
8132,"kemiindustri, processoperatör, kemikalier, process worker"
8141,"gummi, däck, vulkanisering, tyre"
8142,"plast, formsprutning, plastarbetare, injection moulding"
8143,"papper, kartong, wellpapp, emballage, packaging"
8151,"tvätteri, kemtvätt, textilvård, laundry, dry cleaning"
8159,"textilarbetare, väveri, spinneri, weaving"
8161,"livsmedelsindustri, chark, slakteri, food industry"
8162,"mejerist, mjölk, ost, livsmedelsindustri"
8163,"livsmedelsindustri, choklad, godis, candy"
8169,"livsmedelsarbetare, bryggeri, dryckesindustri, food worker"
8171,"massabruk, cellulosa, massaindustri, mill worker"
8172,"pappersbruk, pappersindustri, pappersmaskin, mill operator"
8173,"sågverksarbetare, träindustri, timmer, timber"
8174,"impregnering, lackering, träindustri, coating"
8181,"paketerare, packare, förpackning, buteljering, packaging"
8189,"operatör, industriarbetare, fabriksarbetare, factory worker"
8191,"kraftverk, reningsverk, drift, energiproduktion, utilities"
8192,"processoperatör, raffinaderi, kemiindustri, refinery"
8193,"stålverk, smältverk, masugn, steel mill, smelter"
8199,"driftoperatör, processoperatör, drift, plant operator, control room"
8211,"montör, montering, bilfabrik, fordonsindustri, assembly line"
8212,"elektronikmontör, kretskort, montering, pcb"
8213,"montering, industrimontör, fabriksarbete, assembly, factory worker"
8214,"montering, möbelmontör, möbelindustri, furniture assembly"
8219,"montering, industrimontör, fabriksarbete, assembly"
8311,"tågförare, tåg, järnväg, lokomotiv, engine driver, railway"
8312,"växlare, järnväg, shunter, signalman"
8321,"chaufför, taxichaufför, budbilsförare, uber, cabbie"
8329,"cykelbud, bud, mopedbud, courier, delivery driver"
8331,"busschaufför, chaufför, kollektivtrafik, lokaltrafik"
8332,"chaufför, lastbilschaufför, åkeri, trucker"
8341,"skogsmaskinförare, traktorförare, skördare, skotare, tractor driver, harvester"
8342,"grävmaskinist, maskinförare, grävmaskin, hjullastare, excavator, digger"
8343,"lyftkran, tornkran, mobilkran, kranbil"
8344,"truckkort, lager, forklift, warehouse"
8350,"sjöman, däckspersonal, sjöfart, båtsman, sailor, deckhand"
9111,"lokalvårdare, städerska, städning, hemstäd, cleaning, housekeeping"
9119,"barnflicka, au pair, hushållerska, husa, hemhjälp, housekeeper"
9120,"rekond, biltvätt, bilvård, car wash, detailing"
9210,"plockare, skogsplantering, säsongsarbete, seasonal work, harvest worker"
9310,"byggarbetare, hantlangare, rivning, builder, demolition"
9320,"packare, paketerare, industriarbetare, factory worker, packer"
9331,"stuveriarbetare, stuvare, docker, stevedore, longshoreman"
9332,"flyttgubbe, flyttfirma, varuplock, bagagehanterare, baggage handler"
9411,"pizzeria, snabbmat, gatukök, kebab, food worker"
9412,"diskare, köksbiträde, disk, dishwasher, kitchen porter"
9413,"barista, fik, servering, coffee shop"
9520,"torghandel, knalle, gatuförsäljare, market stall, hawker"
9610,"sophämtare, sopåkare, sopgubbe, avfall, garbage, waste"
9621,"tidningsbud, tidningsutdelare, reklam, paperboy, delivery"
9622,"fastighetsskötare, vaktis, caretaker, custodian, handyman"
9629,"servicepersonal, servicearbete, garderobiär, usher, attendant"
